{"stat.walkOneCm":25674,"stat.leaveGame":2,"stat.drop.minecraft.dirt":1,"stat.useItem.minecraft.diamond_sword":12,"stat.swimOneCm":4250,"stat.jump":10,"stat.pickup.butcherymod.cowcarcass":20,"stat.crouchOneCm":117,"stat.killEntity.Squid":4,"stat.pickup.minecraft.dirt":1,"stat.useItem.minecraft.stone_slab2":10,"stat.useItem.minecraft.redstone_ore":2,"stat.useItem.minecraft.water_bucket":5,"stat.mobKills":4,"stat.flyOneCm":282,"stat.drop":1,"stat.playOneMinute":6275,"stat.sneakTime":30,"stat.damageDealt":520,"stat.timeSinceDeath":6275,"stat.pickup.butcherymod.squidcarcass":17,"stat.useItem.minecraft.spawn_egg":13}