{"stat.chestOpened":1,"stat.flyOneCm":4647,"stat.pickup.minecraft.diamond_sword":1,"stat.walkOneCm":8609,"stat.drop":1,"stat.jump":9,"stat.playOneMinute":3066,"stat.leaveGame":1,"stat.sneakTime":41,"stat.drop.minecraft.diamond_sword":1,"stat.damageDealt":100,"stat.crouchOneCm":199,"stat.timeSinceDeath":3066,"stat.killEntity.Cow":1,"stat.sprintOneCm":92,"stat.mobKills":1,"stat.pickup.bm.cowcarcass":1,"stat.useItem.minecraft.stone_slab2":12,"stat.useItem.minecraft.diamond_sword":2,"stat.pickup.bm.sheepcarcass":1}