{"stat.flyOneCm":439,"stat.walkOneCm":1559,"stat.drop":4,"stat.drop.butcherymod.chickenwing":1,"stat.jump":6,"stat.playOneMinute":1119,"stat.pickup.butcherymod.chickenbreast":1,"stat.pickup.butcherymod.chickenneck":1,"stat.sneakTime":5,"stat.pickup.butcherymod.chickenleg":1,"stat.crouchOneCm":28,"stat.drop.butcherymod.chickenleg":1,"stat.timeSinceDeath":1119,"stat.drop.butcherymod.chickenneck":1,"stat.sprintOneCm":61,"stat.drop.butcherymod.chickenbreast":1,"stat.useItem.minecraft.stone_slab2":6,"stat.pickup.butcherymod.chickenwing":1}