{
  "minecraft:recipes/brewing/golden_carrot": {
    "criteria": {
      "has_gold_nugget": "2018-11-30 15:05:54 +1000"
    },
    "done": true
  },
  "minecraft:adventure/root": {
    "criteria": {
      "killed_something": "2018-11-30 15:05:34 +1000"
    },
    "done": true
  },
  "minecraft:adventure/kill_a_mob": {
    "criteria": {
      "zombie_villager": "2018-11-30 15:05:34 +1000"
    },
    "done": true
  },
  "minecraft:adventure/kill_all_mobs": {
    "criteria": {
      "zombie_pigman": "2018-11-30 15:05:53 +1000",
      "zombie_villager": "2018-11-30 15:05:34 +1000"
    },
    "done": false
  },
  "minecraft:adventure/adventuring_time": {
    "criteria": {
      "plains": "2018-11-30 15:05:13 +1000"
    },
    "done": false
  }
}