{
  "minecraft:adventure/root": {
    "criteria": {
      "killed_something": "2018-11-27 15:11:12 +1000"
    },
    "done": true
  },
  "minecraft:adventure/kill_a_mob": {
    "criteria": {
      "zombie_villager": "2018-11-27 15:11:31 +1000"
    },
    "done": true
  },
  "minecraft:adventure/kill_all_mobs": {
    "criteria": {
      "zombie_pigman": "2018-11-27 15:12:03 +1000",
      "zombie_villager": "2018-11-27 15:11:31 +1000"
    },
    "done": false
  },
  "minecraft:adventure/adventuring_time": {
    "criteria": {
      "plains": "2018-11-27 14:09:02 +1000"
    },
    "done": false
  },
  "minecraft:story/root": {
    "criteria": {
      "crafting_table": "2018-11-27 14:09:02 +1000"
    },
    "done": true
  }
}