{
  "minecraft:adventure/root": {
    "criteria": {
      "killed_something": "2018-11-30 14:53:00 +1000"
    },
    "done": true
  },
  "minecraft:adventure/kill_a_mob": {
    "criteria": {
      "zombie": "2018-11-30 14:53:00 +1000"
    },
    "done": true
  },
  "minecraft:adventure/kill_all_mobs": {
    "criteria": {
      "zombie": "2018-11-30 14:53:00 +1000"
    },
    "done": false
  },
  "minecraft:adventure/adventuring_time": {
    "criteria": {
      "plains": "2018-11-30 14:27:59 +1000"
    },
    "done": false
  },
  "minecraft:story/root": {
    "criteria": {
      "crafting_table": "2018-11-30 14:27:59 +1000"
    },
    "done": true
  }
}